"Reference","doi","Date"
"El Alaoui, O., El Khiat, A., Hakem, A., Ouzyou, B., El Omari, H., Mohammed, B., Radi, F. Z., Rhazi, O., En-niari, I., Mahfoud, S., Taam, A., & Talbi, F. Z. (2027). Spatiotemporal dynamics and ecological determinants of cutaneous Leishmaniasis in Errachidia Province, southeastern Morocco: A 16-year municipality-level analysis with SARIMA forecasting. Parasitology International, 116, 103363. https://doi.org/10.1016/j.parint.2026.103363","10.1016/j.parint.2026.103363",2027-02-01
"Srinivasan, H. (2026). Silent signals: Autism, disability, and heat vulnerability in a warming world. Global Public Health, 21(1). https://doi.org/10.1080/17441692.2026.2671510","10.1080/17441692.2026.2671510",2026-12-31
"Suvarna, B., Adegboye, O., Finlay, S., AI Mamun, A., Juster, R.-P., McDermott, B., & Sarnyai, Z. (2026). Maternal prepregnancy body mass index predicts allostatic load in adult offspring: findings from an Australian birth cohort. Stress, 29(1). https://doi.org/10.1080/10253890.2026.2669543","10.1080/10253890.2026.2669543",2026-12-31
"Bellone, G., Di Napoli, A., Zilioli, C., Telch, A., Brughitta, C., Evangelisti, M., Moavero, R., Bruni, O., Liguori, C., Agostini, B., Baldo, C., Canistro, E., Cecili, M., Cistaro, A., Corrado, M., Danesino, C., Del Pozzo, M., Di Carlo, S., Di Maio, A., et al. (2026). Sleep disorders in adults with Cri du Chat syndrome: A questionnaire-based study. Sleep Medicine, 148, 109250. https://doi.org/10.1016/j.sleep.2026.109250","10.1016/j.sleep.2026.109250",2026-12-01
"Bordbar, S., Azizpour, Y., Ejtahed, H.-S., Khalagi, K., Golestani, A., Rezaei, N., Akbarpour, S., Selk-Ghaffari, M., Daroudi, R., Ahmadnezhad, E., Takian, A., Payab, M., & Ostovar, A. (2026). An assessment of perceived lack of availability to sports facilities among Iranian adults: prevalence and determinants from the 2021 STEPS survey. Journal of Diabetes &Amp; Metabolic Disorders, 25(2). https://doi.org/10.1007/s40200-026-02048-6","10.1007/s40200-026-02048-6",2026-12-01
"Hashim, M., Sheel, H., Rahman, B., Altaf, A., Galán, C. A., Halligan, S. L., Rehman, U., Seedat, S., Del Toro, J., & Fares-Otero, N. E. (2026). Childhood emotional maltreatment and trauma-related outcomes: a systematic review and multilevel meta-analysis. European Journal of Psychotraumatology, 17(1). https://doi.org/10.1080/20008066.2026.2694185","10.1080/20008066.2026.2694185",2026-12-01
"Smith, D. B., D’Silva, C., Ratzan, S., Rabin, K., Fullerton, M., & Hu, J. (2026). Understanding pneumococcal vaccine perceptions in seven countries: Findings from a cross-sectional survey. Human Vaccines &Amp; Immunotherapeutics, 22(1). https://doi.org/10.1080/21645515.2026.2650844","10.1080/21645515.2026.2650844",2026-12-01
"Xiang, K., Huang, S., Lai, X., Ke, L., Wang, H., Zhang, Y., Yang, Z., Tian, F., & Wang, Y. (2026). Longitudinal trajectories of ADHD-like symptoms across adolescence and associations with problematic smartphone use: Evidence from a five-wave cohort study. Journal of Affective Disorders, 413, 122230. https://doi.org/10.1016/j.jad.2026.122230","10.1016/j.jad.2026.122230",2026-11-15
"McGuiness, G., Coleman, H., Chen, Z., Hutton, J., O’Shea, M. F., & Perucca, P. (2026). Socioeconomic status and time to epilepsy surgery in Australia: A retrospective tertiary centre cohort study. Epilepsy &Amp; Behavior, 184, 111198. https://doi.org/10.1016/j.yebeh.2026.111198","10.1016/j.yebeh.2026.111198",2026-11-01
"Stanković, M., Teovanović, P., Filipović, S. R., & Bjekić, J. (2026). From Delay Discounting to Gambling Harm: Gambling-related Cognitive Distortions as Mediating Pathways. Journal of Gambling Studies. https://doi.org/10.1007/s10899-026-10557-5","10.1007/s10899-026-10557-5",2026-10-01
"Salmelainen, J., Tiihonen, M., Taipale, H., Lieslehto, J., Tanskanen, A., Tiihonen, J., & Hamina, A. (2026). Medicine Use Preceding Fatal Poisonings Among Individuals With Bipolar Disorder. Basic &Amp; Clinical Pharmacology &Amp; Toxicology, 139(4). Portico. https://doi.org/10.1111/bcpt.70305","10.1111/bcpt.70305",2026-10-01
"Sherris, A. R., Dearborn, L. C., Goin, D. E., Loftus, C. T., Szpiro, A. A., Casey, J. A., Ilango, S. D., Angal, J., Bennett, D. H., Buxton, M. A., Camargo, C. A., Carroll, K. N., Childs, M. L., Cioffi, C., Croen, L. A., Dabelea, D., Eick, S. M., Farzan, S. F., Ferrara, A., et al. (2026). Prenatal exposure to wildfire fine particulate matter and fetal growth outcomes in the United States: Findings from the ECHO Cohort. Environmental Epidemiology, 10(5), e526. https://doi.org/10.1097/ee9.0000000000000526","10.1097/EE9.0000000000000526",2026-10-01
"Slade, K., Qureshi, A., & Belyk, M. (2026). Hearing healthy: physical activity moderates the association between age-related hearing loss and brain volume. Hearing Research, 480, 109746. https://doi.org/10.1016/j.heares.2026.109746","10.1016/j.heares.2026.109746",2026-10-01
"Rappaport, B. I., Glazer, J. E., Letkiewicz, A. M., Li, L. Y., McGregor, M. M., Sarkas, S. E., Sritharan, A., Massac, L., Durham, K., Auerbach, R. P., & Shankman, S. A. (2026). Neighborhood socioeconomic status and adolescent brain responses to peer feedback: Testing relationships with negative and positive affect assessed outside of the lab. Development and Psychopathology, 38(4), 1964–1974. https://doi.org/10.1017/s0954579426101722","10.1017/S0954579426101722",2026-10-01
"Jin, S., Han, K., Park, Y.-M. M., Lee, K.-N., Lee, C., Kang, S., Cho, J.-W., Choi, N.-J., & Nam, G. E. (2026). Income dynamics and risk of complex regional pain syndrome: a nationwide cohort study. Pain, 167(10), e467–e475. https://doi.org/10.1097/j.pain.0000000000004064","10.1097/j.pain.0000000000004064",2026-10-01
"Cardoso, L. J. C., Günkan, A., Ferreira, M. Y., Sambhu, M., Gao, X., Fukunaga, C. K., Ribeiro, F. V., da Silva, A. M. P., Lima, E. E. A., Gonçalves, O. R., Teixeira, I. P. S., Ferreira, C., Serulle, Y., Gordon, D. S., Papanagiotou, P., & Baron, J.-C. (2026). Mechanical thrombectomy for elderly stroke patients: An updated systematic review and meta-analysis of randomized clinical trials. The Neuroradiology Journal, 39(5), 581–598. https://doi.org/10.1177/19714009261427328","10.1177/19714009261427328",2026-10-01
"Fluck, D., Jackson, E., Llamas-Montoya, A., Chana, A. S., Kelly, K., Jones, G. I., Rees, J. N., Tudose, J., Jones, Y., Finch, J. S., Davison, J., Ruse, J., Jones, C., Robin, J., Fry, C. H., & Han, T. S. (2025). Health Status And Delays In Referral-To-Treatment Waiting Times for Elective Admissions of Adults From Deprived Areas And Ethnic Minority Backgrounds: A Study of Healthcare Inequalities. Journal of Racial and Ethnic Health Disparities, 13(5), 3544–3555. https://doi.org/10.1007/s40615-025-02515-5","10.1007/s40615-025-02515-5",2026-10-01
